"","sample_id","absolute.filepath"
"1","ERR12448528","/datasets/project_2/depression/depression_seqs/ERR12448528.fastq.gz"
"2","ERR12448538","/datasets/project_2/depression/depression_seqs/ERR12448538.fastq.gz"
"3","ERR12448543","/datasets/project_2/depression/depression_seqs/ERR12448543.fastq.gz"
"4","ERR12448544","/datasets/project_2/depression/depression_seqs/ERR12448544.fastq.gz"
"5","ERR12448552","/datasets/project_2/depression/depression_seqs/ERR12448552.fastq.gz"
"6","ERR12448554","/datasets/project_2/depression/depression_seqs/ERR12448554.fastq.gz"
"7","ERR12448560","/datasets/project_2/depression/depression_seqs/ERR12448560.fastq.gz"
"8","ERR12448561","/datasets/project_2/depression/depression_seqs/ERR12448561.fastq.gz"
"9","ERR12448567","/datasets/project_2/depression/depression_seqs/ERR12448567.fastq.gz"
"10","ERR12448571","/datasets/project_2/depression/depression_seqs/ERR12448571.fastq.gz"
"11","ERR12448580","/datasets/project_2/depression/depression_seqs/ERR12448580.fastq.gz"
"12","ERR12448588","/datasets/project_2/depression/depression_seqs/ERR12448588.fastq.gz"
"13","ERR12448595","/datasets/project_2/depression/depression_seqs/ERR12448595.fastq.gz"
"14","ERR12448596","/datasets/project_2/depression/depression_seqs/ERR12448596.fastq.gz"
"15","ERR12448598","/datasets/project_2/depression/depression_seqs/ERR12448598.fastq.gz"
"16","ERR12448617","/datasets/project_2/depression/depression_seqs/ERR12448617.fastq.gz"
"17","ERR12448619","/datasets/project_2/depression/depression_seqs/ERR12448619.fastq.gz"
"18","ERR12448637","/datasets/project_2/depression/depression_seqs/ERR12448637.fastq.gz"
"19","ERR12448640","/datasets/project_2/depression/depression_seqs/ERR12448640.fastq.gz"
"20","ERR12448644","/datasets/project_2/depression/depression_seqs/ERR12448644.fastq.gz"
"21","ERR12448745","/datasets/project_2/depression/depression_seqs/ERR12448745.fastq.gz"
"22","ERR12448747","/datasets/project_2/depression/depression_seqs/ERR12448747.fastq.gz"
"23","ERR12448750","/datasets/project_2/depression/depression_seqs/ERR12448750.fastq.gz"
"24","ERR12448751","/datasets/project_2/depression/depression_seqs/ERR12448751.fastq.gz"
"25","ERR12448757","/datasets/project_2/depression/depression_seqs/ERR12448757.fastq.gz"
"26","ERR12448776","/datasets/project_2/depression/depression_seqs/ERR12448776.fastq.gz"
"27","ERR12448778","/datasets/project_2/depression/depression_seqs/ERR12448778.fastq.gz"
"28","ERR12448779","/datasets/project_2/depression/depression_seqs/ERR12448779.fastq.gz"
"29","ERR12448780","/datasets/project_2/depression/depression_seqs/ERR12448780.fastq.gz"
"30","ERR12448781","/datasets/project_2/depression/depression_seqs/ERR12448781.fastq.gz"
"31","ERR12448785","/datasets/project_2/depression/depression_seqs/ERR12448785.fastq.gz"
"32","ERR4250216","/datasets/project_2/depression/depression_seqs/ERR4250216.fastq.gz"
"33","ERR4250219","/datasets/project_2/depression/depression_seqs/ERR4250219.fastq.gz"
"34","ERR4250220","/datasets/project_2/depression/depression_seqs/ERR4250220.fastq.gz"
"35","ERR4250228","/datasets/project_2/depression/depression_seqs/ERR4250228.fastq.gz"
"36","ERR4250240","/datasets/project_2/depression/depression_seqs/ERR4250240.fastq.gz"
"37","ERR4250243","/datasets/project_2/depression/depression_seqs/ERR4250243.fastq.gz"
"38","ERR4250245","/datasets/project_2/depression/depression_seqs/ERR4250245.fastq.gz"
"39","ERR4250246","/datasets/project_2/depression/depression_seqs/ERR4250246.fastq.gz"
"40","ERR4250248","/datasets/project_2/depression/depression_seqs/ERR4250248.fastq.gz"
"41","ERR4250256","/datasets/project_2/depression/depression_seqs/ERR4250256.fastq.gz"
"42","ERR4250258","/datasets/project_2/depression/depression_seqs/ERR4250258.fastq.gz"
"43","ERR4250262","/datasets/project_2/depression/depression_seqs/ERR4250262.fastq.gz"
"44","ERR4250263","/datasets/project_2/depression/depression_seqs/ERR4250263.fastq.gz"
"45","ERR4250264","/datasets/project_2/depression/depression_seqs/ERR4250264.fastq.gz"
"46","ERR4250268","/datasets/project_2/depression/depression_seqs/ERR4250268.fastq.gz"
"47","ERR4250271","/datasets/project_2/depression/depression_seqs/ERR4250271.fastq.gz"
"48","ERR4250272","/datasets/project_2/depression/depression_seqs/ERR4250272.fastq.gz"
"49","ERR4250275","/datasets/project_2/depression/depression_seqs/ERR4250275.fastq.gz"
"50","ERR4250290","/datasets/project_2/depression/depression_seqs/ERR4250290.fastq.gz"
"51","ERR4250304","/datasets/project_2/depression/depression_seqs/ERR4250304.fastq.gz"
"52","ERR4250305","/datasets/project_2/depression/depression_seqs/ERR4250305.fastq.gz"
"53","ERR4250310","/datasets/project_2/depression/depression_seqs/ERR4250310.fastq.gz"
"54","ERR4250316","/datasets/project_2/depression/depression_seqs/ERR4250316.fastq.gz"
"55","ERR4250317","/datasets/project_2/depression/depression_seqs/ERR4250317.fastq.gz"
"56","ERR4250324","/datasets/project_2/depression/depression_seqs/ERR4250324.fastq.gz"
"57","ERR4250326","/datasets/project_2/depression/depression_seqs/ERR4250326.fastq.gz"
"58","ERR4250346","/datasets/project_2/depression/depression_seqs/ERR4250346.fastq.gz"
"59","ERR4250359","/datasets/project_2/depression/depression_seqs/ERR4250359.fastq.gz"
"60","ERR4250360","/datasets/project_2/depression/depression_seqs/ERR4250360.fastq.gz"
"61","ERR4250368","/datasets/project_2/depression/depression_seqs/ERR4250368.fastq.gz"
"62","ERR4250370","/datasets/project_2/depression/depression_seqs/ERR4250370.fastq.gz"
"63","ERR4250372","/datasets/project_2/depression/depression_seqs/ERR4250372.fastq.gz"
"64","ERR4250380","/datasets/project_2/depression/depression_seqs/ERR4250380.fastq.gz"
"65","ERR4250382","/datasets/project_2/depression/depression_seqs/ERR4250382.fastq.gz"
"66","ERR4250385","/datasets/project_2/depression/depression_seqs/ERR4250385.fastq.gz"
"67","ERR4250394","/datasets/project_2/depression/depression_seqs/ERR4250394.fastq.gz"
"68","ERR4250397","/datasets/project_2/depression/depression_seqs/ERR4250397.fastq.gz"
"69","ERR4250398","/datasets/project_2/depression/depression_seqs/ERR4250398.fastq.gz"
"70","ERR4250400","/datasets/project_2/depression/depression_seqs/ERR4250400.fastq.gz"
"71","ERR4250403","/datasets/project_2/depression/depression_seqs/ERR4250403.fastq.gz"
"72","ERR4250439","/datasets/project_2/depression/depression_seqs/ERR4250439.fastq.gz"
"73","ERR4250442","/datasets/project_2/depression/depression_seqs/ERR4250442.fastq.gz"
"74","ERR4250443","/datasets/project_2/depression/depression_seqs/ERR4250443.fastq.gz"
"75","ERR4250474","/datasets/project_2/depression/depression_seqs/ERR4250474.fastq.gz"
"76","ERR4250481","/datasets/project_2/depression/depression_seqs/ERR4250481.fastq.gz"
"77","ERR4250483","/datasets/project_2/depression/depression_seqs/ERR4250483.fastq.gz"
"78","ERR4250485","/datasets/project_2/depression/depression_seqs/ERR4250485.fastq.gz"
"79","ERR4250488","/datasets/project_2/depression/depression_seqs/ERR4250488.fastq.gz"
"80","ERR4250489","/datasets/project_2/depression/depression_seqs/ERR4250489.fastq.gz"
"81","ERR4250491","/datasets/project_2/depression/depression_seqs/ERR4250491.fastq.gz"
"82","ERR4250501","/datasets/project_2/depression/depression_seqs/ERR4250501.fastq.gz"
"83","ERR4250506","/datasets/project_2/depression/depression_seqs/ERR4250506.fastq.gz"
"84","ERR4250519","/datasets/project_2/depression/depression_seqs/ERR4250519.fastq.gz"
"85","ERR4250522","/datasets/project_2/depression/depression_seqs/ERR4250522.fastq.gz"
"86","ERR4250535","/datasets/project_2/depression/depression_seqs/ERR4250535.fastq.gz"
"87","ERR4250536","/datasets/project_2/depression/depression_seqs/ERR4250536.fastq.gz"
"88","ERR4250537","/datasets/project_2/depression/depression_seqs/ERR4250537.fastq.gz"
"89","ERR4250539","/datasets/project_2/depression/depression_seqs/ERR4250539.fastq.gz"
"90","ERR4250550","/datasets/project_2/depression/depression_seqs/ERR4250550.fastq.gz"
"91","ERR4250551","/datasets/project_2/depression/depression_seqs/ERR4250551.fastq.gz"
"92","ERR4250556","/datasets/project_2/depression/depression_seqs/ERR4250556.fastq.gz"
"93","ERR4250557","/datasets/project_2/depression/depression_seqs/ERR4250557.fastq.gz"
"94","ERR4250558","/datasets/project_2/depression/depression_seqs/ERR4250558.fastq.gz"
"95","ERR4250561","/datasets/project_2/depression/depression_seqs/ERR4250561.fastq.gz"
"96","ERR4250564","/datasets/project_2/depression/depression_seqs/ERR4250564.fastq.gz"
"97","ERR4250568","/datasets/project_2/depression/depression_seqs/ERR4250568.fastq.gz"
"98","ERR4254389","/datasets/project_2/depression/depression_seqs/ERR4254389.fastq.gz"
"99","ERR4254407","/datasets/project_2/depression/depression_seqs/ERR4254407.fastq.gz"
"100","ERR4254413","/datasets/project_2/depression/depression_seqs/ERR4254413.fastq.gz"
"101","ERR4254418","/datasets/project_2/depression/depression_seqs/ERR4254418.fastq.gz"
"102","ERR4254427","/datasets/project_2/depression/depression_seqs/ERR4254427.fastq.gz"
"103","ERR4254432","/datasets/project_2/depression/depression_seqs/ERR4254432.fastq.gz"
"104","ERR4254437","/datasets/project_2/depression/depression_seqs/ERR4254437.fastq.gz"
"105","ERR4254438","/datasets/project_2/depression/depression_seqs/ERR4254438.fastq.gz"
"106","ERR4254446","/datasets/project_2/depression/depression_seqs/ERR4254446.fastq.gz"
"107","ERR4254448","/datasets/project_2/depression/depression_seqs/ERR4254448.fastq.gz"
"108","ERR4254449","/datasets/project_2/depression/depression_seqs/ERR4254449.fastq.gz"
"109","ERR4254452","/datasets/project_2/depression/depression_seqs/ERR4254452.fastq.gz"
"110","ERR4254455","/datasets/project_2/depression/depression_seqs/ERR4254455.fastq.gz"
"111","ERR4254458","/datasets/project_2/depression/depression_seqs/ERR4254458.fastq.gz"
"112","ERR4254461","/datasets/project_2/depression/depression_seqs/ERR4254461.fastq.gz"
"113","ERR4254464","/datasets/project_2/depression/depression_seqs/ERR4254464.fastq.gz"
"114","ERR4254468","/datasets/project_2/depression/depression_seqs/ERR4254468.fastq.gz"
"115","ERR4254469","/datasets/project_2/depression/depression_seqs/ERR4254469.fastq.gz"
"116","ERR4254472","/datasets/project_2/depression/depression_seqs/ERR4254472.fastq.gz"
"117","ERR4254473","/datasets/project_2/depression/depression_seqs/ERR4254473.fastq.gz"
"118","ERR4254478","/datasets/project_2/depression/depression_seqs/ERR4254478.fastq.gz"
"119","ERR4254485","/datasets/project_2/depression/depression_seqs/ERR4254485.fastq.gz"
"120","ERR4254489","/datasets/project_2/depression/depression_seqs/ERR4254489.fastq.gz"
"121","ERR4254490","/datasets/project_2/depression/depression_seqs/ERR4254490.fastq.gz"
"122","ERR4254493","/datasets/project_2/depression/depression_seqs/ERR4254493.fastq.gz"
"123","ERR4254494","/datasets/project_2/depression/depression_seqs/ERR4254494.fastq.gz"
"124","ERR4254496","/datasets/project_2/depression/depression_seqs/ERR4254496.fastq.gz"
"125","ERR4254500","/datasets/project_2/depression/depression_seqs/ERR4254500.fastq.gz"
"126","ERR4254501","/datasets/project_2/depression/depression_seqs/ERR4254501.fastq.gz"
"127","ERR4254506","/datasets/project_2/depression/depression_seqs/ERR4254506.fastq.gz"
"128","ERR4254508","/datasets/project_2/depression/depression_seqs/ERR4254508.fastq.gz"
"129","ERR4254510","/datasets/project_2/depression/depression_seqs/ERR4254510.fastq.gz"
"130","ERR4254512","/datasets/project_2/depression/depression_seqs/ERR4254512.fastq.gz"
"131","ERR4254518","/datasets/project_2/depression/depression_seqs/ERR4254518.fastq.gz"
"132","ERR4254519","/datasets/project_2/depression/depression_seqs/ERR4254519.fastq.gz"
"133","ERR4254522","/datasets/project_2/depression/depression_seqs/ERR4254522.fastq.gz"
